# What the TEMPT1 import pulls in, and what it must hash to.
# Source: github.com/jamiew/tempt1-archive at 701de88d15e50131e7df34d45ae170de8c503d7b
# kind	name	path in the archive	sha256
images	eyetag-2009_5_11_0_26_27.jpg	images/eyetag-2009_5_11_0_26_27.jpg	3a898ca16e00c69104e53acaf930c1340d6292e868f9aaafc98d669fe6adb6e1
images	eyetag-2009_5_13_23_8_10.jpg	images/eyetag-2009_5_13_23_8_10.jpg	a6e922f6824908cc0e041db62d98047efcf4d4e86a97c014013f778ddd4d65b1
images	eyetag-2009_5_17_0_11_0.jpg	images/eyetag-2009_5_17_0_11_0.jpg	324321796d8d6062cf4a598b5230fc26dac9afd8978a24e3547864444ec074e5
images	eyetag-2009_5_17_0_19_27.jpg	images/eyetag-2009_5_17_0_19_27.jpg	f15532d238ed42ad6f3b7628708d9741fd0ec8e4fb4d73d619838d11519267a9
images	eyetag-2009_5_9_1_35_56.jpg	images/eyetag-2009_5_9_1_35_56.jpg	3a898ca16e00c69104e53acaf930c1340d6292e868f9aaafc98d669fe6adb6e1
images	eyetag-2009_8_10_19_6_19.jpg	images/eyetag-2009_8_10_19_6_19.jpg	96f6c7f9acac29f73a5725b642896727ec86e8710f3248a02d8f8c54e72166c2
images	temptTag-2009_10_10_14_16_58.png	images/temptTag-2009_10_10_14_16_58.png	e4c4c0a8a428c7b7479654baec8e7738997086ec9bd8663abcfeb512978acdb7
images	temptTag-2009_10_11_15_23_23.png	images/temptTag-2009_10_11_15_23_23.png	d703b94230929f4b17411ddb740ef0ed36c50c1f4c2abd877e891d83b7aa55b8
images	temptTag-2009_10_11_15_56_14.png	images/temptTag-2009_10_11_15_56_14.png	b95e90f48cdb78f7956e790ef8bf783f189bba8522b1fbeebbe583308b06a6fc
images	temptTag-2009_10_11_16_26_1.png	images/temptTag-2009_10_11_16_26_1.png	fc6d3d498826f17c54c06f12d01535947658c38fce36594520935c92d5b1529a
images	temptTag-2009_10_11_16_35_2.png	images/temptTag-2009_10_11_16_35_2.png	483a8151c7dd32872bbc904d5031ee9345e3f783a278ea4006e2b24c541df33a
images	temptTag-2009_10_11_21_4_41.png	images/temptTag-2009_10_11_21_4_41.png	ef71b15b58b8a30772503755cd390ad9d860dae3e6e49f7b3085247f35a01c7c
images	temptTag-2009_10_14_17_20_47.png	images/temptTag-2009_10_14_17_20_47.png	876c960394df61fddb71ea0c3e1ccbd12cdf4a9edafa16118f5c66033ffef23b
images	temptTag-2009_10_14_17_28_33.png	images/temptTag-2009_10_14_17_28_33.png	288e9efd454c95242f98298fba2e256efe2058ce8004366aefda0cc136fef914
images	temptTag-2009_10_14_17_43_10.png	images/temptTag-2009_10_14_17_43_10.png	d643ed616582a66eb32ac6cb9de7d8aac816b932617d112cee534698eae98e95
images	temptTag-2009_10_14_23_34_21.png	images/temptTag-2009_10_14_23_34_21.png	ade59ccf6723256c3ddbf437d518bf991ec254054f896213b613d75c7d9298ed
images	temptTag-2009_10_15_18_46_5.png	images/temptTag-2009_10_15_18_46_5.png	c9c1f5679a094aad89dbf4ae7f8ad1407f08e86f263e40f42f521e8e6f6273e2
images	temptTag-2009_10_15_19_9_45.png	images/temptTag-2009_10_15_19_9_45.png	de602625a3562eef5052998136da365ec4a1325aec1e5a11f5dd4928dcfb7dc4
images	temptTag-2009_10_6_20_9_23.png	images/temptTag-2009_10_6_20_9_23.png	b209328ce2a5b35d6b33c17e206dccee6571268df9b1274076a6225f59f2bc42
images	temptTag-2009_10_9_18_18_17.png	images/temptTag-2009_10_9_18_18_17.png	6a24eb65d87842cc80d92208ad08d508bd759806d0d7056370322732a4c2aa3a
images	temptTag-2009_10_9_18_26_39.png	images/temptTag-2009_10_9_18_26_39.png	8d01dc45bb3628dc1e853824ba085644d763591e2534178cb44f037dba961c49
images	temptTag-2009_10_9_18_48_22.png	images/temptTag-2009_10_9_18_48_22.png	48ee826f81201e6478cbf04efdcd05205e4a6be2793e10b2a322714eb217e78c
images	temptTag-2009_10_9_19_18_49.png	images/temptTag-2009_10_9_19_18_49.png	415c784bfcb701cb527063f02593c9ebe1ee596b928cf8c02309214522644573
images	temptTag-2009_11_11_16_34_50.png	images/temptTag-2009_11_11_16_34_50.png	8f03b9bd998dc55e489600269ebe5b12b52bc5a9f96fa019cc540c9ec48f2e69
images	temptTag-2009_11_11_16_37_20.png	images/temptTag-2009_11_11_16_37_20.png	2453b67f47fd15fcaae010726259088b3e2d6fc2752e8e39228ecf3f55f1bf52
images	temptTag-2009_11_11_16_37_25.png	images/temptTag-2009_11_11_16_37_25.png	2453b67f47fd15fcaae010726259088b3e2d6fc2752e8e39228ecf3f55f1bf52
images	temptTag-2009_11_13_13_28_33.png	images/temptTag-2009_11_13_13_28_33.png	81dad958f6a7a1ca0917cc4548b0ac7f6dcf08361648adf557106999f9858cee
images	temptTag-2009_11_13_14_14_16.png	images/temptTag-2009_11_13_14_14_16.png	b0e8b1b022df7fbdca1f4a9190ab722a264c794fc038a9add940038a2f1877a4
images	temptTag-2009_11_23_16_0_29.png	images/temptTag-2009_11_23_16_0_29.png	2b5eebf73da37ff21658403f5bf10c6e13a487a2e252b5e0381590ac853ac334
images	temptTag-2009_11_23_16_14_8.png	images/temptTag-2009_11_23_16_14_8.png	721ccf494382e079ab8d0cd61318b09781823bf49b6686ab37e5ed40a1a905aa
images	temptTag-2009_11_23_16_20_38.png	images/temptTag-2009_11_23_16_20_38.png	f1ced4c9032d237fc0d45b546aae0a9e0da6814029ccc2da9a2af28641ebf102
images	temptTag-2009_11_23_16_45_34.png	images/temptTag-2009_11_23_16_45_34.png	73223f14b55edc14677a21062aadbb0841cf20a8ad2614a994b8fd6ef777a72c
images	temptTag-2009_8_23_13_21_12.png	images/temptTag-2009_8_23_13_21_12.png	185b5d07c248852590261f504b3b53111860d053e33694d8cf520814f5b6f395
images	temptTag-2009_8_23_13_28_51.png	images/temptTag-2009_8_23_13_28_51.png	de07447d4810bd9078b0beb98aaed923c1592aa9ee80d3de7e396bdd46d5c951
images	temptTag-2009_8_23_13_37_57.png	images/temptTag-2009_8_23_13_37_57.png	9b5254a1b0a2b5c84030b4233c0ac0f6b1d0d81f7a6b1b0465bc7d4908c7d5a6
images	temptTag-2009_8_23_13_3_17.png	images/temptTag-2009_8_23_13_3_17.png	659d6aad6405390bd3ee823b4029024d746e20361c042b28b12b86155cc55ef9
images	temptTag-2009_8_23_13_44_48.png	images/temptTag-2009_8_23_13_44_48.png	9b5254a1b0a2b5c84030b4233c0ac0f6b1d0d81f7a6b1b0465bc7d4908c7d5a6
images	temptTag-2009_8_23_13_9_51.png	images/temptTag-2009_8_23_13_9_51.png	5ef811b46f7480304e9ea59b005a7697d5805ed276be937728982ea7ac8d0a0c
images	temptTag-2009_8_23_14_3_15.png	images/temptTag-2009_8_23_14_3_15.png	9b5254a1b0a2b5c84030b4233c0ac0f6b1d0d81f7a6b1b0465bc7d4908c7d5a6
images	temptTag-2009_8_23_18_37_50.png	images/temptTag-2009_8_23_18_37_50.png	ba77be54c977f9718f88177af01fbde3e7d230c2d3375a9b4dd5ccc0efec992a
images	temptTag-2009_8_23_21_16_35.png	images/temptTag-2009_8_23_21_16_35.png	f4753cbc1771ebb64e2f3da06b038cc0390c2b1c4930d4653cb4a8465006dc31
images	temptTag-2009_8_24_18_22_51.png	images/temptTag-2009_8_24_18_22_51.png	41187f6918f39e2311c158aa09a43a2761f6b79a1e8d5da0d41f6dfde8c2541a
images	temptTag-2009_8_24_18_22_59.png	images/temptTag-2009_8_24_18_22_59.png	41187f6918f39e2311c158aa09a43a2761f6b79a1e8d5da0d41f6dfde8c2541a
images	temptTag-2009_8_24_18_25_43.png	images/temptTag-2009_8_24_18_25_43.png	17d601476012d3548d361789adb1c1be419ccf216d00cfdff46d5c8feaa434b7
images	temptTag-2009_8_24_18_5_46.png	images/temptTag-2009_8_24_18_5_46.png	65f1da1614323f50ce133356329129fa109309fbc666818d9acd66fdd632dc1f
images	temptTag-2009_8_24_19_15_48.png	images/temptTag-2009_8_24_19_15_48.png	4a07d4f92de2450c24ea964fd1d4d612b1167ab276bd23bf66d819f0550fbdda
images	temptTag-2009_8_24_19_26_32.png	images/temptTag-2009_8_24_19_26_32.png	9fb9e94cbb4e6311d8700e6907d7a0d02d40cc1354093de7d48966ab057cc2a1
images	temptTag-2009_8_24_19_34_0.png	images/temptTag-2009_8_24_19_34_0.png	0b4968c9c415348328970488230f41f521436d5b044d612b89a89fcf1bd44f9d
images	temptTag-2009_8_24_19_37_44.png	images/temptTag-2009_8_24_19_37_44.png	69fd59617c9908f915cff11f525dd2f8548ca2f35ec55c252dc062130540350b
images	temptTag-2009_8_24_19_47_37.png	images/temptTag-2009_8_24_19_47_37.png	8ee9bc595c11276977a6c73d66ed8c525116d454535321b276bc6b6557401d8d
images	temptTag-2009_8_25_0_22_53.png	images/temptTag-2009_8_25_0_22_53.png	f9ed52da4c91d2f39426696b883abfa610d3652ddcac3b1d72dcca50c3212645
images	temptTag-2009_8_25_0_50_18.png	images/temptTag-2009_8_25_0_50_18.png	e5cda71ab653bb3cadac487d56dc5b46114ad63a84efd00f9ad165bf96683cf1
images	temptTag-2009_8_25_0_50_25.png	images/temptTag-2009_8_25_0_50_25.png	e5cda71ab653bb3cadac487d56dc5b46114ad63a84efd00f9ad165bf96683cf1
images	temptTag-2009_8_25_0_50_37.png	images/temptTag-2009_8_25_0_50_37.png	e5cda71ab653bb3cadac487d56dc5b46114ad63a84efd00f9ad165bf96683cf1
images	temptTag-2009_8_29_17_11_18.png	images/temptTag-2009_8_29_17_11_18.png	ca75db3ae580bf8470675fb5439346dc9de41826a0327c8730fc04c62eb2af43
images	temptTag-2009_8_29_17_11_9.png	images/temptTag-2009_8_29_17_11_9.png	ca75db3ae580bf8470675fb5439346dc9de41826a0327c8730fc04c62eb2af43
images	temptTag-2009_8_29_18_25_24.png	images/temptTag-2009_8_29_18_25_24.png	3316fa35ade3c8b171cbd9bb6d2ee0b3de619cb01bb7a21739a32698959debb8
images	temptTag-2009_8_29_18_26_52.png	images/temptTag-2009_8_29_18_26_52.png	04cffca2891a7489e3123776fa447a086dcbe39b3dc67793d54be08cf33c973d
images	temptTag-2009_8_29_18_33_3.png	images/temptTag-2009_8_29_18_33_3.png	4c14b973a8e3320fcb81203143282530d0222544577ffea79a51be91324b14af
images	temptTag-2009_8_29_18_33_34.png	images/temptTag-2009_8_29_18_33_34.png	4a57e64149214828e9e13295dbf981ac8bbee0b8b9caafd3944a2527f6bb0c1a
images	temptTag-2009_8_29_18_34_26.png	images/temptTag-2009_8_29_18_34_26.png	5b8870a38110609ccbb07fabb6439bd4e2dd976ac368df86827d1598ec68b1a9
images	temptTag-2009_8_29_18_34_43.png	images/temptTag-2009_8_29_18_34_43.png	5b8870a38110609ccbb07fabb6439bd4e2dd976ac368df86827d1598ec68b1a9
images	temptTag-2009_8_29_18_35_26.png	images/temptTag-2009_8_29_18_35_26.png	2b976a3918eb2c58e1be31a83aa45b1bde7ee7cc307a628a7ba88ce731553c1e
images	temptTag-2009_8_29_18_37_1.png	images/temptTag-2009_8_29_18_37_1.png	a23a2a860bb6b845b954eaa79138e523f2c40438d0d99e42e4af9feac585d106
images	temptTag-2009_9_11_23_24_33.png	images/temptTag-2009_9_11_23_24_33.png	ec8dd33c58bb4060bcee4203e9b664ec7b4d994c0c9271101efbf7c70864988d
images	temptTag-2009_9_11_23_36_23.png	images/temptTag-2009_9_11_23_36_23.png	9306dce1ba2eb3a320ae6a5c336bfa5c0be8c23580c55a3d3ed4dff23a923075
images	temptTag-2009_9_11_23_54_21.png	images/temptTag-2009_9_11_23_54_21.png	3f1555e9410663a727b35a039c95938e63d09a92b6ce7ef5c0b861fd81cd9262
images	temptTag-2009_9_11_23_56_29.png	images/temptTag-2009_9_11_23_56_29.png	73f2d9b9a4bed131eda3dbfd9b09865f73e04f09d4a526c30d500ad25f5acbf3
images	temptTag-2009_9_12_0_0_36.png	images/temptTag-2009_9_12_0_0_36.png	e2637cae9d31f08b20e559363e90bb7cc0c2771aa163a408343bad5c38bc6e07
images	temptTag-2009_9_12_0_36_51.png	images/temptTag-2009_9_12_0_36_51.png	0022583207276767a1b56054c90dde692bc9004f8324ced3b2202fac21a3d04c
images	temptTag-2009_9_15_0_12_20.png	images/temptTag-2009_9_15_0_12_20.png	3adae71125c9c265d8298d1ed7c5a77c2ad29f48a7c7da2f03454cf8f5965847
images	temptTag-2009_9_15_0_59_20.png	images/temptTag-2009_9_15_0_59_20.png	144db81baa8bc9d26c85bf15ec2db63808787ad9245c85f9ead56c61ce45fe0e
images	temptTag-2009_9_15_1_0_20.png	images/temptTag-2009_9_15_1_0_20.png	0f608de9e88a1c4808e3a79094346294167853743dce4dabf6c031076339a01d
images	temptTag-2009_9_17_12_41_25.png	images/temptTag-2009_9_17_12_41_25.png	2ecb14b8a098f32447871df3d6a6d0f3032424ca7d3dcd315b1a40ebd30d33cd
images	temptTag-2009_9_17_12_41_41.png	images/temptTag-2009_9_17_12_41_41.png	2ecb14b8a098f32447871df3d6a6d0f3032424ca7d3dcd315b1a40ebd30d33cd
images	temptTag-2009_9_22_13_28_25.png	images/temptTag-2009_9_22_13_28_25.png	b531507fcee2f505fc94d8949a8172692f60dfa39a2570f617aceafafabb1425
images	temptTag-2009_9_22_1_14_58.png	images/temptTag-2009_9_22_1_14_58.png	42c77d0494409542019cb044eb491d97f3684f06041a8359e85b2ed123e68559
images	temptTag-2009_9_2_1_22_13.png	images/temptTag-2009_9_2_1_22_13.png	48d57d7ffafefc9c8df3fe7f05963ba7b7b9ac6613e2498d3eaa7553c54e7195
images	temptTag-2009_9_2_1_28_31.png	images/temptTag-2009_9_2_1_28_31.png	6d145bcbc24697d25512e3b57831c812d52d62864397976eaf0712cd2cd348fc
images	temptTag-2009_9_2_1_46_18.png	images/temptTag-2009_9_2_1_46_18.png	c92d008ed59ce259dd5c25408f595c62538d7fe3c847eb8bad5e956f4e5392b8
images	temptTag-2009_9_8_21_12_45.png	images/temptTag-2009_9_8_21_12_45.png	c9b93927af29e6d9a67e48d34cac06c62ee1107fccfd7f6b7201a2e2530bee0a
images	temptTag-2009_9_8_21_13_29.png	images/temptTag-2009_9_8_21_13_29.png	c9b93927af29e6d9a67e48d34cac06c62ee1107fccfd7f6b7201a2e2530bee0a
images	temptTag-2009_9_8_22_1_24.png	images/temptTag-2009_9_8_22_1_24.png	79786e1aea3b2d64a5233fb99c261d4020e40e2aed5c01806576933c0fe17df6
images	temptTag-2010_10_1_18_22_58.png	images/temptTag-2010_10_1_18_22_58.png	f1e399f5f3a2a69a3df711e06ff540e2348c3c66d15be2e38cebaf1f5d7fea31
images	temptTag-2010_10_1_18_28_52.png	images/temptTag-2010_10_1_18_28_52.png	13a11306afda86f74e9d187166fabf49f19ec54eba769bbe02d640ed1a2b3986
images	temptTag-2010_10_1_18_42_35.png	images/temptTag-2010_10_1_18_42_35.png	3b5dc6fb44537f1e0132c76d6a983478ba7df6cf2ff451c90d711fcff1de88a8
images	temptTag-2010_10_25_17_54_26.png	images/temptTag-2010_10_25_17_54_26.png	d9181a39cdc2f1d905544b3969aef2d5ae0fa0c3e8d7cf3774b4eccc1cd2aa5b
images	temptTag-2010_11_26_14_40_14.png	images/temptTag-2010_11_26_14_40_14.png	e5215d6998ee80289a6528b4573f8a9b77c5b50271e8493627dfb2a31920b79c
images	temptTag-2010_11_30_18_47_1.png	images/temptTag-2010_11_30_18_47_1.png	ca7c978a363d958cb610ed228b6e74eb17348301e30ccf2cb6853fb25bf06f09
images	temptTag-2010_11_30_18_47_30.png	images/temptTag-2010_11_30_18_47_30.png	ca7c978a363d958cb610ed228b6e74eb17348301e30ccf2cb6853fb25bf06f09
images	temptTag-2010_11_30_18_56_16.png	images/temptTag-2010_11_30_18_56_16.png	18e95a4593e14805672b4eea3a784773cbe028051a5faec958e2dd0ffb3137c6
images	temptTag-2010_11_30_18_56_8.png	images/temptTag-2010_11_30_18_56_8.png	18e95a4593e14805672b4eea3a784773cbe028051a5faec958e2dd0ffb3137c6
images	temptTag-2010_11_30_19_17_13.png	images/temptTag-2010_11_30_19_17_13.png	646d2a4f3b59e4350847c5237fd4e01da7837ee7983d56724852dc69fd2a97ab
images	temptTag-2010_11_30_19_35_11.png	images/temptTag-2010_11_30_19_35_11.png	03ea06008b5ce41c5802a141d5c9ee72e9862e9d6934c99f51e971f02bec02a1
images	temptTag-2010_11_30_19_51_19.png	images/temptTag-2010_11_30_19_51_19.png	0cfb88bc63dcc5aeba584add1936a61ef4c7870ffa86bc3c19d09d2bbbab5f55
images	temptTag-2010_11_30_19_53_47.png	images/temptTag-2010_11_30_19_53_47.png	f8fb34def4daa6244da4b702b587cc9162e6361f61b6ddeb3e4f1cb1659f308e
images	temptTag-2010_11_30_20_11_32.png	images/temptTag-2010_11_30_20_11_32.png	6671a5dfd9efd7caeffd2f4923689915a3745079c7dc5c87e9168feb267fe2c9
images	temptTag-2010_11_30_20_11_56.png	images/temptTag-2010_11_30_20_11_56.png	6671a5dfd9efd7caeffd2f4923689915a3745079c7dc5c87e9168feb267fe2c9
images	temptTag-2010_12_17_19_35_44.png	images/temptTag-2010_12_17_19_35_44.png	67c1530dcbdad508f51c6a73bf36818b0bcd0df9afc58895d59a6532248c92e5
images	temptTag-2010_12_17_19_51_56.png	images/temptTag-2010_12_17_19_51_56.png	831298033364f017ebb22268996d36cd0372a4659dd61f8f6241138ad4144b4e
images	temptTag-2010_12_17_19_52_6.png	images/temptTag-2010_12_17_19_52_6.png	831298033364f017ebb22268996d36cd0372a4659dd61f8f6241138ad4144b4e
images	temptTag-2010_12_1_18_1_26.png	images/temptTag-2010_12_1_18_1_26.png	5fec85d35fa4fb0cf17b7823c05644dedf92b522462157e85eec88fe34686684
images	temptTag-2010_12_1_18_1_7.png	images/temptTag-2010_12_1_18_1_7.png	5fec85d35fa4fb0cf17b7823c05644dedf92b522462157e85eec88fe34686684
images	temptTag-2010_12_1_19_29_5.png	images/temptTag-2010_12_1_19_29_5.png	cb9721fb117470c30836c55a01a4788205cc62c62644cbde80f252160eed4fd3
images	temptTag-2010_1_31_21_36_55.png	images/temptTag-2010_1_31_21_36_55.png	366dd003d4b300188b2c90378b1a9da5454ea6ca8fbdbb653be69b95ceee975f
images	temptTag-2010_2_10_20_25_30.png	images/temptTag-2010_2_10_20_25_30.png	c4c3c9c9eaab20ff2982745cbeedc31fef879adbed5a84e972b76443d310ee80
images	temptTag-2010_2_10_20_6_2.png	images/temptTag-2010_2_10_20_6_2.png	2055ec3b25daf37c36718706dbbf5d7dfefad91e36e41f49d801f3fd23d90105
images	temptTag-2010_3_18_16_16_50.png	images/temptTag-2010_3_18_16_16_50.png	1eb5891dc3344cc501e07295159a4561723edc8016ed726a833b1ca8d1caf5dd
images	temptTag-2010_3_7_16_21_47.png	images/temptTag-2010_3_7_16_21_47.png	9c7c7d4207a04faba8f4f87d48de15652b0a3389fd870450c0e1cb6a245255b1
images	temptTag-2010_4_25_15_43_31.png	images/temptTag-2010_4_25_15_43_31.png	da6c0fc86b276d1381c98a1644b5b47c8d0e47596a0b152230d80c3e0efba032
images	temptTag-2010_4_2_16_46_10.png	images/temptTag-2010_4_2_16_46_10.png	6f501672e4b330252c02a8b865f378325045592f1b2f829d7d44e5d0f5bb485d
images	temptTag-2010_4_2_16_51_35.png	images/temptTag-2010_4_2_16_51_35.png	1d937371c4fc5a68e8621bb862acc2a4f1aaadf92d13a9fcde8f05d7bb3511ef
images	temptTag-2010_4_2_17_0_13.png	images/temptTag-2010_4_2_17_0_13.png	c6b67e9597cb8608105b81227f290fedb0044e18c116f12ccd5e40ec720e95a1
images	temptTag-2010_4_2_17_5_37.png	images/temptTag-2010_4_2_17_5_37.png	d2c0baebad0a115996d587136e75c0064e154e440b532ee9bbe0b6c9abe8697d
images	temptTag-2010_5_19_11_40_48.png	images/temptTag-2010_5_19_11_40_48.png	f8b27cb37f0af243b2e7152681408f2ebf950fc9bf54ad57e9add19f79d877e8
images	temptTag-2010_5_19_13_1_52.png	images/temptTag-2010_5_19_13_1_52.png	6f28842a0ce7f2e4b3cb581595f79edf6ad360dd2d0fdf6a0fbe545ce6b38376
images	temptTag-2010_5_19_13_46_43.png	images/temptTag-2010_5_19_13_46_43.png	54d857bf0eeb09cc2b35cfa141936d7641d579b1dd942df97be29ec74c6e0938
images	temptTag-2010_5_19_14_31_31.png	images/temptTag-2010_5_19_14_31_31.png	a8a4fd77ad7fd18065c93d9267a17213cc58cc1154270da300ca5eec375d423d
images	temptTag-2010_5_19_14_41_29.png	images/temptTag-2010_5_19_14_41_29.png	7e5e172baa2a4f72ec2b60501230063ed1fe1ce88e444deb04981ca246eea80f
images	temptTag-2010_5_19_17_20_38.png	images/temptTag-2010_5_19_17_20_38.png	ee455da8e9b50c05bbdb98ae5480d5779cee7cb5d97088b1e3fa2b0a37a898ae
images	temptTag-2010_5_19_17_21_47.png	images/temptTag-2010_5_19_17_21_47.png	1f32dc79402ca9806e7c1dbbe63d28c90593d754b79bdc40bc1977f4705a7fb9
images	temptTag-2010_5_28_15_21_48.png	images/temptTag-2010_5_28_15_21_48.png	ca843e835b0c12d5e6e2a620ae86be17632999fa5d20a02ae3fc2e7c3b0eec07
images	temptTag-2010_7_28_14_57_23.png	images/temptTag-2010_7_28_14_57_23.png	ebefc94388261497c0bed3270ca29d8d06ab654896ad7cf9a8a0e3681d281601
images	temptTag-2010_9_16_18_29_42.png	images/temptTag-2010_9_16_18_29_42.png	46ee1376c2730cd28811d5e44d68b44bf4645966e2c171673a5581e27958082e
images	temptTag-2010_9_16_18_40_54.png	images/temptTag-2010_9_16_18_40_54.png	4f3935c30f50f55cd8ec9fde005bb0b800befac4e2678acf610b7b5be8fe4a87
images	temptTag-2010_9_16_18_44_51.png	images/temptTag-2010_9_16_18_44_51.png	d549b4c5b75b7f90872b560585f41b511412449fe0d65e350357945d7b4a0f1a
images	temptTag-2010_9_16_19_32_29.png	images/temptTag-2010_9_16_19_32_29.png	6da9d68e0ff85bfac1032817c1914819be00f2fac4bb7394b2aacb17fc10cf98
images	temptTag-2010_9_2_15_29_14.png	images/temptTag-2010_9_2_15_29_14.png	a09e5e344b3c65af3f7b26fa3428deb1cdd583414cf49f6baf200b2c685d544e
images	temptTag-2011_1_29_18_16_38.png	images/temptTag-2011_1_29_18_16_38.png	bf0a9ca2537e905f060eb843932d892bd335bc8ad3a9268d1c2615e3cec8cd22
images	temptTag-2011_1_29_18_21_29.png	images/temptTag-2011_1_29_18_21_29.png	588e51a5c0b4c5c211fdee1f5c83085b2c4dac065e5cefbb51c4fef589e9b5af
images	temptTag-2011_1_29_18_21_45.png	images/temptTag-2011_1_29_18_21_45.png	588e51a5c0b4c5c211fdee1f5c83085b2c4dac065e5cefbb51c4fef589e9b5af
repaired	108.gml	gml-repaired/108.gml	06b46d8a15fc3388376cc1ba6cb5529952583e80dd6541000589ce4e20ef1551
repaired	109.gml	gml-repaired/109.gml	2877f95d7f075b7b0312a05bfd6dc276c04819f9c79d79904aaa58cee6e115cb
unpublished	temptTag-2010_6_7_14_52_1.gml	github-gml/temptAlphabetGML/temptTag-2010_6_7_14_52_1.gml	27afd1c706eeeb021447050aa562a95648c3d47df09283e432c02175a577546e
unpublished	temptTag-2010_6_7_14_57_29.gml	github-gml/temptAlphabetGML/temptTag-2010_6_7_14_57_29.gml	e7c9cc3225aca5106ccd7486122c4eb119683d9d08502c485a0a03ebcf7bef26
unpublished	temptTag-2010_6_7_15_20_32.gml	github-gml/temptAlphabetGML/temptTag-2010_6_7_15_20_32.gml	fa00ed5010b1ef80713dedfb58b804ac572305d89d275a9bceb0f6cc899b2283
unpublished	temptTag-2010_6_7_15_26_10.gml	github-gml/temptAlphabetGML/temptTag-2010_6_7_15_26_10.gml	539826814370a549364989b6a2f12d0b7c075da5bb9cbc56deee0bc2cbaa2928
unpublished	temptTag-2010_6_7_15_39_53.gml	github-gml/temptAlphabetGML/temptTag-2010_6_7_15_39_53.gml	3ffeacee5608218f729b49dd2d507224a546216cd0be8d2230c0aa5880b1a16d
unpublished	temptTag-2010_6_7_15_4_51.gml	github-gml/temptAlphabetGML/temptTag-2010_6_7_15_4_51.gml	5b0e5c743cf57f0f96e4ee544191b924216ce587d64543ce10652afe2b88e7d4
unpublished	temptTag-2010_7_28_14_57_23.gml	github-gml/temptAlphabetGML/temptTag-2010_7_28_14_57_23.gml	723e308be88edca919a10733843215bb07b9a081904294233bb5c7a7ce5b9db5
unpublished	temptTag-2010_7_28_15_14_30.gml	github-gml/temptAlphabetGML/temptTag-2010_7_28_15_14_30.gml	1b3da406048162bc39fe9e9eedc9e7c62f8dd0cf2c467142f67b4fc7c1ff616e
unpublished	temptTag-2010_7_28_15_31_29.gml	github-gml/temptAlphabetGML/temptTag-2010_7_28_15_31_29.gml	e87c9489c058c72a6b14410dfd89647c60054f442aa5bb14cacad7d015039ef5
unpublished	temptTag-2010_7_28_15_3_5.gml	github-gml/temptAlphabetGML/temptTag-2010_7_28_15_3_5.gml	2ea63b8c509be66b688d07ec8c75f376ff74bc98b9a1f7a3f7edfe39c3fe99b3
unpublished	temptTag-2010_7_28_15_43_31.gml	github-gml/temptAlphabetGML/temptTag-2010_7_28_15_43_31.gml	3950e183cf4dbd8cdf59bf75c21c6ff96da4210fe16dbff0b19ca1d9e097d710
unpublished	temptTag-2010_7_28_15_52_19.gml	github-gml/temptAlphabetGML/temptTag-2010_7_28_15_52_19.gml	8e5071f4be4f6acf9f8d8638e23f89dbf7d18ea1d12eebb2287cb14ab93f263e
unpublished	temptTag-2010_7_28_16_2_3.gml	github-gml/temptAlphabetGML/temptTag-2010_7_28_16_2_3.gml	5667f50a9c815f5dfd4993158e4238f2992105b7b52b4f4ddd85e83790a5dcdb
unpublished	temptTag-2010_7_29_12_47_46.gml	github-gml/temptAlphabetGML/temptTag-2010_7_29_12_47_46.gml	b1548a0996ba04a2448750fd05633237716235d765865eb3656f979f863480e7
unpublished	temptTag-2010_7_29_14_0_28.gml	github-gml/temptAlphabetGML/temptTag-2010_7_29_14_0_28.gml	9b25f7c03a7f5373450970210c7120a2bf15750ab0e4966b93174a5ad44a7f56
unpublished	temptTag-2010_7_29_14_13_6.gml	github-gml/temptAlphabetGML/temptTag-2010_7_29_14_13_6.gml	44c94b43ef2ea7c935aca5bcc5fb773c0f3f410136ebade797683de07bf934b1
unpublished	temptTag-2010_7_29_14_31_17.gml	github-gml/temptAlphabetGML/temptTag-2010_7_29_14_31_17.gml	6c82f4cc4997d5c3d15648ac82b6f1eec66a81ccfd0463057e6c2a519ae25af7
unpublished	temptTag-2010_7_29_14_47_20.gml	github-gml/temptAlphabetGML/temptTag-2010_7_29_14_47_20.gml	ca9bd7700a16b8cfa37e314272b749911f8e1c923e624f784536c27a19afc056
unpublished	temptTag-2010_7_29_14_58_47.gml	github-gml/temptAlphabetGML/temptTag-2010_7_29_14_58_47.gml	0abc5435294a02744cf40503fdb9730baf65ed72983ce73df290d42d717021f7
unpublished	temptTag-2010_7_29_15_10_7.gml	github-gml/temptAlphabetGML/temptTag-2010_7_29_15_10_7.gml	f3af2d03aba2db97bb046234ed503d77d4ff3de2c0a58aeae9a3241aa03582f4
unpublished	temptTag-2010_7_29_15_4_23.gml	github-gml/temptAlphabetGML/temptTag-2010_7_29_15_4_23.gml	64d4828596778d89e62534fd14c3cc0eebc6f43f6a1af64b49d616e646a13d58
unpublished	temptTag-2010_7_30_15_58_33.gml	github-gml/temptAlphabetGML/temptTag-2010_7_30_15_58_33.gml	ad8dc83d0ca84f2897343e75782018e60599478afd5f1138b581f2098a6bd045
unpublished	temptTag-2010_7_30_16_13_3.gml	github-gml/temptAlphabetGML/temptTag-2010_7_30_16_13_3.gml	8bd6f094d70a9da6f57548b8a7b4f5b3d1808a05cb0a03f15ec3090e8cac46de
unpublished	temptTag-2010_7_30_16_25_16.gml	github-gml/temptAlphabetGML/temptTag-2010_7_30_16_25_16.gml	240514588381b8ae067f4dbe7c8cd800193f5d66e9eaab7aaab078e50d5a9821
unpublished	temptTag-2010_7_30_16_3_46.gml	github-gml/temptAlphabetGML/temptTag-2010_7_30_16_3_46.gml	7e2c3eccfd863b7c7f02b4c0bc4cce4dcee41089b3aab959101d94d2df400912
unpublished	TemptAtoZ.gml	github-gml/TemptAtoZ.gml	7fb0fe916b786ef438a265a48708cd479437f4ec828f2103204d29b5b44bb7b8
